INSERT INTO grade (id, code, sequence) VALUES (-3,'-3', 3),(-4 ,'-4', 4),(-5, '-5', 5),(-6, '-6', 6);
INSERT INTO elas (id, code) VALUES (-11, 'EL'), (-14, 'RFEP');
INSERT INTO completeness (id, code) VALUES (-9, 'Complete'), (-8, 'Partial');
INSERT INTO administration_condition VALUES (-99,'IN'),(-98,'SD'),(-97,'NS'),(-96,'Valid');
INSERT INTO ethnicity VALUES (-29,'ethnicity-29'),(-28,'ethnicity-28'),(-27, 'ethnicity-27'), (-26, 'ethnicity-26');
INSERT INTO gender VALUES (-19,'gender-19'),(-18,'gender-18');
INSERT INTO school_year VALUES (1999),(2000),(2001);

-- ------------------------------------------ School/Districts --------------------------------------------------------------------------------------------------
INSERT INTO district (id, name, natural_id, external_id, migrate_id) VALUES
  (-17, 'District-7', 'id-7', 'externalId-7', -1),
  (-18, 'District-8', 'id-8', 'externalId-8', -1),
  (-19, 'District-9', 'id-9', 'externalId-9', -1);

INSERT INTO school (id, district_group_id, district_id, school_group_id, name, natural_id, external_id, embargo_enabled, updated, update_import_id, migrate_id) VALUES
  (-7, -1, -17, -1, 'School-7', 'id-7', 'externalId-7', 1, '2016-08-14 19:05:33.000000', -1, -1),
  (-8, -1, -18, -1, 'School-8', 'id-8', 'externalId-8', 1, '2016-08-14 19:05:33.000000', -1, -1),
  (-9, -1, -19, -1, 'School-9', 'id-9', 'externalId-9', 1, '2016-08-14 19:05:33.000000', -1, -1),
  (-10, -1, -19, -1, 'School-10','id-10', 'externalId-10', 1, '2016-08-14 19:05:33.000000', -1, -1);

-- ------------------------------------------ Asmt ---------------------------------------------------------------------------------------------------------
INSERT INTO asmt (id, grade_id, subject_id, type_id, school_year, name, label, cut_point_1, cut_point_2, cut_point_3, min_score, max_score, updated, update_import_id, migrate_id) VALUES
  (-6,  -5, 2, 3, 1888, 'asmt-6', 'asmt-6', 2300, 2500, 2700, 2000, 2800,'2016-08-14 19:05:33.000000', -1, -1),
  (-5,  -5, 1, 3, 1888, 'asmt-5', 'asmt-5', 2300, 2500, 2700, 2000, 2800,'2016-08-14 19:05:33.000000', -1, -1),
  (-8,  -4, 1, 3, 1999, 'asmt-8','asmt-8', 2300, 2500, 2700, 2000, 2800,'2016-08-14 19:05:33.000000', -1, -1),
  (-18, -4, 1, 3, 2000, 'asmt-8','asmt-8', 2300, 2500, 2700, 2000, 2800,'2016-08-14 19:05:33.000000', -1, -1),
  (-9,  -3, 2, 3, 1888, 'asmt-9', 'asmt-9', 2300, 2500, 2700, 2000, 2800,'2016-08-14 19:05:33.000000', -1, -1),
  (-10, -3, 2, 3, 1888, 'asmt-9-again','asmt-9-again',2300, 2500, 2700, 2000, 2800, '2016-08-14 19:05:33.000000', -1, -1),
  (-11, -3, 2, 3, 1888, 'asmt-11', 'asmt-11', 2300, 2500, 2700, 2000, 2800,'2016-08-14 19:05:33.000000', -1, -1),
  (-12, -3, 2, 2, 1888, 'asmt-iab-12', 'asmt-iab-12', 2300, 2500, 2700, 2000, 2800, '2016-08-14 19:05:33.000000', -1, -1),
  (-13, -3, 2, 2, 1999, 'asmt-iab-13', 'asmt-iab-13', 2300, 2500, 2700, 2000, 2800, '2016-08-14 19:05:33.000000', -1, -1);

INSERT INTO target(id, natural_id, claim_code) VALUES
  (-11,  'NBT|E-3','1'),
  (-12,  'MD|J-3','1'),
  (-21,  'OA|D',  '2'),
  (-22,  'OA|A',  '2'),
  (-31,  'NF|C',  '3'),
  (-32,  'MD|D',  '3'),
  (-33,  'MD|E',  '3'),
  (-34,  'OA|E',  '3'),
  (-41,  'OA|E',  '4'),
  (-42,  'MD|D',  '4'),
  (-43,  'OA|A',  '4'),
  (-1081,'10-8',  '1-IT'),
  (-1481,'14-8',  '1-IT'),
  (-1181,'11-8',  '1-IT'),
  (-781, '7-8',   '1-LT'),
  (-481, '4-8',   '1-LT'),
  (-181, '1-8',   '1-LT'),
  (-982, '9-8',   '2-W'),
  (-682, '6-8',   '2-W'),
  (-483, '4-8',   '3-L'),
  (-384, '3-8',   '4-CR'),
  (-484, '4-8',   '4-CR'),
  (-284, '2-8',   '4-CR');

INSERT INTO asmt_target (target_id, asmt_id, include_in_report) VALUES
  (-1081,-9, 1),
  (-1481,-9, 1),
  (-1181,-9, 1),
  (-781, -9, 1),
  (-481, -9, 1),
  (-181, -9, 1),
  (-982, -9, 1),
  (-682, -9, 1),
  (-483, -9, 1),
  (-384, -9, 1),
  (-484, -9, 1),
  (-284, -9, 1),

  (-1081,-11, 1),
  (-1481,-11, 1),
  (-1181,-11, 1),
  (-781, -11, 1),
  (-481, -11, 1),
  (-181, -11, 1),
  (-982, -11, 1),
  (-682, -11, 1),
  (-483, -11, 1),
  (-384, -11, 1),
  (-484, -11, 1),
  (-284, -11, 1),

  (-11, -8, 1),
  (-12, -8, 1),
  (-21, -8, 1),
  (-22, -8, 1),
  (-31, -8, 1),
  (-32, -8, 0),
  (-33, -8, 1),
  (-34, -8, 1),
  (-41, -8, 1),
  -- missing scores for this target/asmt
  (-42, -8, 1),
  (-43, -8, 1);

INSERT INTO asmt_active_year(asmt_id, school_year) VALUES
  (-18, 2000),
  (-12, 1888),
  (-13, 1999),
  (-12, 1999),
  (-11, 1888),
  (-11, 1999),
  (-10, 1888),
  (-9,  1888),
  (-9,  1999),
  (-9,  2000),
  (-8,  1999),
  (-6,  1888),
  (-5,  1888);

-- ------------------------------------------ Student and Groups  ------------------------------------------------------------------------------------------------
INSERT INTO student (id, gender_id, updated, update_import_id, migrate_id) VALUES
  (-5, -18, '2016-08-14 19:05:33.000000', -1, -1),
  (-6, -18, '2016-08-14 19:05:33.000000', -1, -1),
  (-7, -19, '2016-08-14 19:05:33.000000', -1, -1),
  (-8, -19, '2016-08-14 19:05:33.000000', -1, -1),
  (-9, -19, '2016-08-14 19:05:33.000000', -1, -1);

INSERT INTO student_ethnicity(student_id, ethnicity_id) values
  (-8,  -28),
  (-8,  -29),
  (-9,  -29);

INSERT INTO  exam (id, school_year, asmt_id, elas_id, completeness_id, administration_condition_id, performance_level,
                                scale_score, grade_id, student_id, school_id,  iep, lep, section504, economic_disadvantage,
                                migrant_status,completed_at, updated, update_import_id, migrate_id) VALUES
  (-5, 1999, -8, -11, -8, -98, 1, 2500,  -4, -5, -8,  1, 1, 0, 0, 1, '2016-08-14 19:05:33.000000', '2016-09-14 19:05:33.000000', -1, -1),
  (-6, 1999, -8, -11, -9, -98, 2, 2400,  -4, -6, -8,  0, 1, 0, 0, 1, '2016-08-14 19:05:33.000000', '2016-09-14 19:05:33.000000', -1, -1),
  (-7, 1999, -8, -11, -9, -99, 3, 2300,  -5, -8, -8,  1, 1, 0, 0, 1, '2016-08-14 19:05:33.000000', '2016-09-14 19:05:33.000000', -1, -1),
  (-8, 1999, -8, -11, -9, -99, 4, 2100,  -4, -9, -9,  0, 1, 2, 0, 1, '2016-08-14 19:05:33.000000', '2016-09-14 19:05:33.000000', -1, -1),
  (-9, 1999, -8, -11, -9, -99, 1, 2000,  -4, -9, -10, 1, 1, 0, 0, 1, '2016-08-14 19:05:33.000000', '2016-09-14 19:05:33.000000', -1, -1),
  (-10, 1999, -9, -11, -9, -99, 1, 2000, -4, -9, -9,  1, 1, 0, 0, 1, '2016-08-14 19:05:33.000000', '2016-09-14 19:05:33.000000', -1, -1),

  (-20, 2000, -9, -11, -9, -99, 1, 2500, -4, -9, -9,  1, 1, 0, 0, 1, '2016-08-14 19:05:33.000000', '2016-09-14 19:05:33.000000', -1, -1),
  (-21, 2000, -9, -11, -9, -99, 1, 2500, -4, -9, -9,  1, 1, 0, 0, 1, '2016-08-14 19:05:33.000000', '2016-09-14 19:05:33.000000', -1, -1),
  (-22, 2000, -9, -11, -9, -99, 1, 2500, -4, -9, -9,  1, 1, 0, 0, 1, '2016-08-14 19:05:33.000000', '2016-09-14 19:05:33.000000', -1, -1),
  (-23, 2000, -9, -11, -9, -99, 1, 2500, -4, -9, -9,  1, 1, 0, 0, 1, '2016-08-14 19:05:33.000000', '2016-09-14 19:05:33.000000', -1, -1),

  (-35, 1999, -11, -11, -9, -99, 1, 2500, -4, -5, -8,  1, 1, 0, 0, 1, '2016-08-14 19:05:33.000000', '2016-09-14 19:05:33.000000', -1, -1),
  (-36, 1999, -11, -11, -9, -99, 2, 2400, -4, -6, -8,  1, 1, 0, 0, 1, '2016-08-14 19:05:33.000000', '2016-09-14 19:05:33.000000', -1, -1),
  (-37, 1999, -11, -11, -9, -99, 3, 2300, -4, -8, -8,  1, 1, 0, 0, 1, '2016-08-14 19:05:33.000000', '2016-09-14 19:05:33.000000', -1, -1),
  (-38, 1999, -11, -11, -9, -99, 4, 2100, -4, -9, -9,  1, 1, 0, 0, 1, '2016-08-14 19:05:33.000000', '2016-09-14 19:05:33.000000', -1, -1),
  (-39, 1999, -11, -11, -9, -99, 1, 2000, -4, -9, -10, 1, 1, 0, 0, 1, '2016-08-14 19:05:33.000000', '2016-09-14 19:05:33.000000', -1, -1),
  (-40, 1999, -11, -11, -9, -99, 1, 2000, -4, -9, -9,  1, 1, 0, 0, 1, '2016-08-14 19:05:33.000000', '2016-09-14 19:05:33.000000', -1, -1);


INSERT INTO exam_target_score(id, target_id, exam_id, school_year, asmt_id, student_relative_residual_score, standard_met_relative_residual_score,
                                    student_id,completed_at, updated, update_import_id, migrate_id) VALUES
  (-11,  -11, -5, 1999, -8, 0,0, -5, '2016-08-14 19:05:33.000000', '2016-09-14 19:05:33.000000', -1, -1),
  (-12,  -12, -5, 1999, -8, 0,0, -5, '2016-08-14 19:05:33.000000', '2016-09-14 19:05:33.000000', -1, -1),
  (-13,  -21, -5, 1999, -8, 0,0, -5, '2016-08-14 19:05:33.000000', '2016-09-14 19:05:33.000000', -1, -1),
  (-14,  -21, -5, 1999, -8, 0,0, -5, '2016-08-14 19:05:33.000000', '2016-09-14 19:05:33.000000', -1, -1),
  (-15,  -22, -5, 1999, -8, 0,0, -5, '2016-08-14 19:05:33.000000', '2016-09-14 19:05:33.000000', -1, -1),
  (-16,  -31, -5, 1999, -8, 0,0, -5, '2016-08-14 19:05:33.000000', '2016-09-14 19:05:33.000000', -1, -1),
  (-17,  -32, -5, 1999, -8, 0,0, -5, '2016-08-14 19:05:33.000000', '2016-09-14 19:05:33.000000', -1, -1),
  (-18,  -33, -5, 1999, -8, 0,0, -5, '2016-08-14 19:05:33.000000', '2016-09-14 19:05:33.000000', -1, -1),
  (-19,  -34, -5, 1999, -8, 0,0, -5, '2016-08-14 19:05:33.000000', '2016-09-14 19:05:33.000000', -1, -1),
  (-191, -41, -5, 1999, -8, 0,0, -5, '2016-08-14 19:05:33.000000', '2016-09-14 19:05:33.000000', -1, -1),
  (-192, -43, -5, 1999, -8, 0,0, -5, '2016-08-14 19:05:33.000000', '2016-09-14 19:05:33.000000', -1, -1),

  (-21, 0, -6, 1999, -8, 0,0,  -6, '2016-08-14 19:05:33.000000', '2016-09-14 19:05:33.000000', -1, -1),
  (-22, 0, -6, 1999, -8, 0,0,  -6, '2016-08-14 19:05:33.000000', '2016-09-14 19:05:33.000000', -1, -1),
  (-23, 0, -6, 1999, -8, 0,0,  -6, '2016-08-14 19:05:33.000000', '2016-09-14 19:05:33.000000', -1, -1),

  (-31, 0, -7, 1999, -8, 0,0,  -8, '2016-08-14 19:05:33.000000', '2016-09-14 19:05:33.000000', -1, -1),
  (-32, 0, -7, 1999, -8, 0,0,  -8, '2016-08-14 19:05:33.000000', '2016-09-14 19:05:33.000000', -1, -1),
  (-33, 0, -7, 1999, -8, 0,0,  -8, '2016-08-14 19:05:33.000000', '2016-09-14 19:05:33.000000', -1, -1),

  (-41, 0, -8, 1999, -8, 0,0,  -9, '2016-08-14 19:05:33.000000', '2016-09-14 19:05:33.000000', -1, -1),
  (-42, 0, -8, 1999, -8, 0,0,  -9, '2016-08-14 19:05:33.000000', '2016-09-14 19:05:33.000000', -1, -1),
  (-43, 0, -8, 1999, -8, 0,0,  -9, '2016-08-14 19:05:33.000000', '2016-09-14 19:05:33.000000', -1, -1),

  (-51, 0, -9, 1999, -8, 0,0,  -9, '2016-08-14 19:05:33.000000', '2016-09-14 19:05:33.000000', -1, -1),
  (-52, 0, -9, 1999, -8, 0,0,  -9, '2016-08-14 19:05:33.000000', '2016-09-14 19:05:33.000000', -1, -1),
  (-53, 0, -9, 1999, -8, 0,0,  -9, '2016-08-14 19:05:33.000000', '2016-09-14 19:05:33.000000', -1, -1),

  (-61, 0, -10, 1999, -9, 0,0, -9, '2016-08-14 19:05:33.000000', '2016-09-14 19:05:33.000000', -1, -1),
  (-62, 0, -10, 1999, -9, 0,0, -9, '2016-08-14 19:05:33.000000', '2016-09-14 19:05:33.000000', -1, -1),
  (-63, 0, -10, 1999, -9, 0,0, -9, '2016-08-14 19:05:33.000000', '2016-09-14 19:05:33.000000', -1, -1),
  (-64, 0, -10, 1999, -9, 0,0, -9, '2016-08-14 19:05:33.000000', '2016-09-14 19:05:33.000000', -1, -1),

  (-71, 0, -20, 2000, -9, 0,0, -9, '2016-08-14 19:05:33.000000', '2016-09-14 19:05:33.000000', -1, -1),
  (-72, 0, -20, 2000, -9, 0,0, -9, '2016-08-14 19:05:33.000000', '2016-09-14 19:05:33.000000', -1, -1),
  (-73, 0, -20, 2000, -9, 0,0, -9, '2016-08-14 19:05:33.000000', '2016-09-14 19:05:33.000000', -1, -1),
  (-74, 0, -20, 2000, -9, 0,0, -9, '2016-08-14 19:05:33.000000', '2016-09-14 19:05:33.000000', -1, -1),

  (-101, 0, -21, 2000, -9, 0,0, -9, '2016-08-14 19:05:33.000000', '2016-09-14 19:05:33.000000', -1, -1),
  (-102, 0, -21, 2000, -9, 0,0, -9, '2016-08-14 19:05:33.000000', '2016-09-14 19:05:33.000000', -1, -1),
  (-103, 0, -21, 2000, -9, 0,0, -9, '2016-08-14 19:05:33.000000', '2016-09-14 19:05:33.000000', -1, -1),
  (-104, 0, -21, 2000, -9, 0,0, -9, '2016-08-14 19:05:33.000000', '2016-09-14 19:05:33.000000', -1, -1),

  (-111, 0, -22, 2000, -9, 0,0, -9, '2016-08-14 19:05:33.000000', '2016-09-14 19:05:33.000000', -1, -1),
  (-112, 0, -22, 2000, -9, 0,0, -9, '2016-08-14 19:05:33.000000', '2016-09-14 19:05:33.000000', -1, -1),
  (-113, 0, -22, 2000, -9, 0,0, -9, '2016-08-14 19:05:33.000000', '2016-09-14 19:05:33.000000', -1, -1),
  (-114, 0, -22, 2000, -9, 0,0, -9, '2016-08-14 19:05:33.000000', '2016-09-14 19:05:33.000000', -1, -1),

  (-121, 0, -23, 2000, -9, 0,0, -9, '2016-08-14 19:05:33.000000', '2016-09-14 19:05:33.000000', -1, -1),
  (-122, 0, -23, 2000, -9, 0,0, -9, '2016-08-14 19:05:33.000000', '2016-09-14 19:05:33.000000', -1, -1),
  (-123, 0, -23, 2000, -9, 0,0, -9, '2016-08-14 19:05:33.000000', '2016-09-14 19:05:33.000000', -1, -1),
  (-124, 0, -23, 2000, -9, 0,0, -9, '2016-08-14 19:05:33.000000', '2016-09-14 19:05:33.000000', -1, -1),

  (-131, 0, -35, 1999, -11, 0,0, -5, '2016-08-14 19:05:33.000000', '2016-09-14 19:05:33.000000', -1, -1),
  (-132, 0, -35, 1999, -11, 0,0, -5, '2016-08-14 19:05:33.000000', '2016-09-14 19:05:33.000000', -1, -1),
  (-133, 0, -35, 1999, -11, 0,0, -5, '2016-08-14 19:05:33.000000', '2016-09-14 19:05:33.000000', -1, -1),
  (-134, 0, -35, 1999, -11, 0,0, -5, '2016-08-14 19:05:33.000000', '2016-09-14 19:05:33.000000', -1, -1),

  (-140, 0, -36, 1999, -11, 0,0, -6, '2016-08-14 19:05:33.000000', '2016-09-14 19:05:33.000000', -1, -1),
  (-140, 0, -36, 1999, -11, 0,0, -6, '2016-08-14 19:05:33.000000', '2016-09-14 19:05:33.000000', -1, -1),
  (-140, 0, -36, 1999, -11, 0,0, -6, '2016-08-14 19:05:33.000000', '2016-09-14 19:05:33.000000', -1, -1),
  (-140, 0, -36, 1999, -11, 0,0, -6, '2016-08-14 19:05:33.000000', '2016-09-14 19:05:33.000000', -1, -1),

  (-150, 0, -37, 1999, -11, 0,0, -8, '2016-08-14 19:05:33.000000', '2016-09-14 19:05:33.000000', -1, -1),
  (-150, 0, -37, 1999, -11, 0,0, -8, '2016-08-14 19:05:33.000000', '2016-09-14 19:05:33.000000', -1, -1),
  (-150, 0, -37, 1999, -11, 0,0, -8, '2016-08-14 19:05:33.000000', '2016-09-14 19:05:33.000000', -1, -1),
  (-150, 0, -37, 1999, -11, 0,0, -8, '2016-08-14 19:05:33.000000', '2016-09-14 19:05:33.000000', -1, -1),

  (-160, 0, -38, 1999, -11, 0,0, -9, '2016-08-14 19:05:33.000000', '2016-09-14 19:05:33.000000', -1, -1),
  (-160, 0, -38, 1999, -11, 0,0, -9, '2016-08-14 19:05:33.000000', '2016-09-14 19:05:33.000000', -1, -1),
  (-160, 0, -38, 1999, -11, 0,0, -9, '2016-08-14 19:05:33.000000', '2016-09-14 19:05:33.000000', -1, -1),
  (-160, 0, -38, 1999, -11, 0,0, -9, '2016-08-14 19:05:33.000000', '2016-09-14 19:05:33.000000', -1, -1),

  (-170, 0, -39, 1999, -11, 0,0, -9, '2016-08-14 19:05:33.000000', '2016-09-14 19:05:33.000000', -1, -1),
  (-170, 0, -39, 1999, -11, 0,0, -9, '2016-08-14 19:05:33.000000', '2016-09-14 19:05:33.000000', -1, -1),
  (-170, 0, -39, 1999, -11, 0,0, -9, '2016-08-14 19:05:33.000000', '2016-09-14 19:05:33.000000', -1, -1),
  (-170, 0, -39, 1999, -11, 0,0, -9, '2016-08-14 19:05:33.000000', '2016-09-14 19:05:33.000000', -1, -1),

  (-180, 0, -40, 1999, -11, 0,0, -9, '2016-08-14 19:05:33.000000', '2016-09-14 19:05:33.000000', -1, -1),
  (-180, 0, -40, 1999, -11, 0,0, -9, '2016-08-14 19:05:33.000000', '2016-09-14 19:05:33.000000', -1, -1),
  (-180, 0, -40, 1999, -11, 0,0, -9, '2016-08-14 19:05:33.000000', '2016-09-14 19:05:33.000000', -1, -1),
  (-180, 0, -40, 1999, -11, 0,0, -9, '2016-08-14 19:05:33.000000', '2016-09-14 19:05:33.000000', -1, -1);
